accountId,balance,custId
0,92.000000,0
1,0.000000,1
2,0.000000,1
